{
  "name": "Aeternus100",
  "title": "Aeternus100",
  "description": "Dan's custom system!",
  "version": "1",
  "minimumCoreVersion": "0.7.5",
  "compatibleCoreVersion": "0.7.9",
  "templateVersion": 1,
  "author": "Daniel Turch",
  "scripts": [],
  "esmodules": [
    "script/common/hooks.js"
  ],
  "styles": [
    "style/common/variable.css",
    "style/common/helper.css",
    "style/common/override.css",
    "style/chat/chat.css",
    "style/dialog/dialog.css",
    "style/sheet/item.css",
    "style/sheet/mental-disorder.css",
    "style/sheet/malignancy.css",
    "style/sheet/mutation.css",
    "style/sheet/talent.css",
    "style/sheet/trait.css",
    "style/sheet/special-ability.css",
    "style/sheet/psychic-power.css",
    "style/sheet/critical-injury.css",
    "style/sheet/weapon.css",
    "style/sheet/armour.css",
    "style/sheet/gear.css",
    "style/sheet/drug.css",
    "style/sheet/tool.css",
    "style/sheet/cybernetic.css",
    "style/sheet/weapon-modification.css",
    "style/sheet/ammunition.css",
    "style/sheet/force-field.css",

    "style/sheet/actor/actor.css",
    "style/sheet/actor/acolyte.css",
    "style/sheet/actor/npc.css",
    "style/sheet/actor/limited-sheet.css",
    "style/sheet/actor/tab/stats.css",
    "style/sheet/actor/tab/npc-stats.css",
    "style/sheet/actor/tab/combat.css",
    "style/sheet/actor/tab/abilities.css",
    "style/sheet/actor/tab/psychic-powers.css",
    "style/sheet/actor/tab/gear.css",
    "style/sheet/actor/tab/progression.css",
    "style/sheet/actor/tab/notes.css"
  ],
  "packs": [
    {
      "name": "character-aptitudes",
      "label": "Character Aptitudes",
      "system": "dark-heresy",
      "path": "./packs/character/aptitudes.db",
      "entity": "Item"
    }
  ],
  "languages": [
    {
      "lang": "en",
      "name": "English",
      "path": "lang/en.json"
    },
    {
      "lang": "es",
      "name": "Español",
      "path": "lang/es.json"
    }
  ],
  "gridDistance": 1,
  "gridUnits": "m",
  "primaryTokenAttribute": null,
  "secondaryTokenAttribute": null,
  "url": "https://github.com/dftg/foundry/Aeternus100",
  "socket": true,
  "manifest": "https://raw.githubusercontent.com/dftg/foundry/Aeternus100/main/system.json",
  "download": "https://github.com/dftg/foundry/Aeternus100/Aeternus100.zip",
  "license": "LICENSE.txt"
}
